date,source_name,ticker,stocknews_sentiment
2019-03-06,The Motley Fool,TSLA,0.0
2019-03-08,Zacks Investment Research,TSLA,1.0
2019-03-09,The Motley Fool,TSLA,-1.0
2019-03-11,The Motley Fool,TSLA,-1.0
2019-03-12,The Motley Fool,TSLA,-1.0
2019-03-13,The Motley Fool,TSLA,1.0
2019-03-14,The Motley Fool,TSLA,0.0
2019-03-15,The Motley Fool,TSLA,-1.0
2019-03-16,The Motley Fool,TSLA,1.0
2019-03-17,The Motley Fool,TSLA,1.0
2019-03-18,The Motley Fool,TSLA,1.0
2019-03-23,The Motley Fool,TSLA,-1.0
2019-03-30,The Motley Fool,TSLA,0.0
2019-03-31,The Motley Fool,TSLA,-1.0
2019-04-01,The Motley Fool,TSLA,1.0
2019-04-02,The Motley Fool,TSLA,0.0
2019-04-02,Zacks Investment Research,TSLA,-1.0
2019-04-03,The Motley Fool,TSLA,1.0
2019-04-04,The Motley Fool,TSLA,-0.3333333333333333
2019-04-04,Zacks Investment Research,TSLA,-0.3333333333333333
2019-04-06,The Motley Fool,TSLA,0.0
2019-04-07,The Motley Fool,TSLA,-1.0
2019-04-08,Zacks Investment Research,TSLA,0.0
2019-04-09,Zacks Investment Research,TSLA,-1.0
2019-04-10,The Motley Fool,TSLA,0.0
2019-04-11,The Motley Fool,TSLA,-1.0
2019-04-11,Zacks Investment Research,TSLA,0.0
2019-04-13,The Motley Fool,TSLA,1.0
2019-04-16,The Motley Fool,TSLA,1.0
2019-04-17,The Motley Fool,TSLA,0.0
2019-04-17,Zacks Investment Research,TSLA,-1.0
2019-04-18,The Motley Fool,TSLA,1.0
2019-04-18,Zacks Investment Research,TSLA,-1.0
2019-04-22,The Motley Fool,TSLA,1.0
2019-04-22,Zacks Investment Research,TSLA,0.0
2019-04-23,The Motley Fool,TSLA,0.5
2019-04-24,The Motley Fool,TSLA,-0.6666666666666666
2019-04-25,Zacks Investment Research,TSLA,-1.0
2019-04-26,The Motley Fool,TSLA,-0.3333333333333333
2019-04-28,The Motley Fool,TSLA,-1.0
2019-04-29,The Motley Fool,TSLA,1.0
2019-04-30,The Motley Fool,TSLA,-1.0
2019-05-02,The Motley Fool,TSLA,1.0
2019-05-02,Zacks Investment Research,TSLA,0.5
2019-05-03,The Motley Fool,TSLA,1.0
2019-05-03,Zacks Investment Research,TSLA,-0.5
2019-05-06,The Motley Fool,TSLA,-1.0
2019-05-07,The Motley Fool,TSLA,0.6666666666666666
2019-05-07,Zacks Investment Research,TSLA,0.0
2019-05-13,The Motley Fool,TSLA,-1.0
2019-05-17,The Motley Fool,TSLA,-0.6666666666666666
2019-05-20,The Motley Fool,TSLA,-1.0
2019-05-21,The Motley Fool,TSLA,-0.5
2019-05-22,The Motley Fool,TSLA,-0.5
2019-05-23,The Motley Fool,TSLA,1.0
2019-05-24,Zacks Investment Research,TSLA,-1.0
2019-05-25,The Motley Fool,TSLA,1.0
2019-05-26,The Motley Fool,TSLA,-1.0
2019-05-27,The Motley Fool,TSLA,-1.0
2019-05-27,Zacks Investment Research,TSLA,-1.0
2019-05-28,The Motley Fool,TSLA,1.0
2019-05-29,The Motley Fool,TSLA,0.0
2019-06-04,The Motley Fool,TSLA,1.0
2019-06-06,The Motley Fool,TSLA,1.0
2019-06-08,The Motley Fool,TSLA,0.5
2019-06-09,The Motley Fool,TSLA,-1.0
2019-06-10,The Motley Fool,TSLA,-1.0
2019-06-10,Zacks Investment Research,TSLA,0.0
2019-06-12,The Motley Fool,TSLA,1.0
2019-06-14,Zacks Investment Research,TSLA,-1.0
2019-06-16,The Motley Fool,TSLA,1.0
2019-06-17,The Motley Fool,TSLA,0.6666666666666666
2019-06-20,The Motley Fool,TSLA,-1.0
2019-06-20,Zacks Investment Research,TSLA,1.0
2019-06-21,The Motley Fool,TSLA,0.0
2019-06-22,The Motley Fool,TSLA,0.0
2019-06-23,The Motley Fool,TSLA,1.0
2019-06-27,Zacks Investment Research,TSLA,-1.0
2019-06-28,The Motley Fool,TSLA,1.0
2019-07-01,The Motley Fool,TSLA,1.0
2019-07-02,The Motley Fool,TSLA,1.0
2019-07-02,Zacks Investment Research,TSLA,1.0
2019-07-03,The Motley Fool,TSLA,1.0
2019-07-03,Zacks Investment Research,TSLA,1.0
2019-07-04,The Motley Fool,TSLA,1.0
2019-07-04,Zacks Investment Research,TSLA,0.0
2019-07-05,Zacks Investment Research,TSLA,-1.0
2019-07-06,The Motley Fool,TSLA,0.5
2019-07-09,The Motley Fool,TSLA,0.0
2019-07-10,The Motley Fool,TSLA,1.0
2019-07-11,Zacks Investment Research,TSLA,0.0
2019-07-14,The Motley Fool,TSLA,1.0
2019-07-15,The Motley Fool,TSLA,0.0
2019-07-17,Zacks Investment Research,TSLA,-1.0
2019-07-18,Zacks Investment Research,TSLA,0.0
2019-07-19,Zacks Investment Research,TSLA,1.0
2019-07-20,The Motley Fool,TSLA,-1.0
2019-07-21,The Motley Fool,TSLA,0.0
2019-07-22,The Motley Fool,TSLA,0.0
2019-07-22,Zacks Investment Research,TSLA,0.0
2019-07-23,The Motley Fool,TSLA,0.5
2019-07-23,Zacks Investment Research,TSLA,1.0
2019-07-24,The Motley Fool,TSLA,1.0
2019-07-24,Zacks Investment Research,TSLA,-0.5
2019-07-25,The Motley Fool,TSLA,-1.0
2019-07-25,Zacks Investment Research,TSLA,-0.6666666666666666
2019-07-26,The Motley Fool,TSLA,0.0
2019-07-28,The Motley Fool,TSLA,0.0
2019-07-29,The Motley Fool,TSLA,0.0
2019-07-30,The Motley Fool,TSLA,-1.0
2019-08-02,Zacks Investment Research,TSLA,0.0
2019-08-06,Zacks Investment Research,TSLA,0.0
2019-08-14,The Motley Fool,TSLA,-1.0
2019-08-21,Zacks Investment Research,TSLA,-1.0
2019-08-22,Zacks Investment Research,TSLA,-1.0
2019-08-23,The Motley Fool,TSLA,1.0
2019-08-23,Zacks Investment Research,TSLA,-1.0
2019-08-24,The Motley Fool,TSLA,-1.0
2019-08-25,The Motley Fool,TSLA,-0.5
2019-08-26,Zacks Investment Research,TSLA,-1.0
2019-08-27,The Motley Fool,TSLA,0.0
2019-08-27,Zacks Investment Research,TSLA,0.0
2019-08-28,The Motley Fool,TSLA,0.0
2019-08-30,The Motley Fool,TSLA,-1.0
2019-09-04,The Motley Fool,TSLA,1.0
2019-09-04,Zacks Investment Research,TSLA,1.0
2019-09-11,The Motley Fool,TSLA,1.0
2019-09-12,Zacks Investment Research,TSLA,0.0
2019-09-14,The Motley Fool,TSLA,1.0
2019-09-18,Zacks Investment Research,TSLA,0.0
2019-09-21,The Motley Fool,TSLA,1.0
2019-09-24,The Motley Fool,TSLA,-0.6666666666666666
2019-09-25,The Motley Fool,TSLA,0.5
2019-09-25,Zacks Investment Research,TSLA,0.0
2019-09-26,The Motley Fool,TSLA,0.3333333333333333
2019-09-27,The Motley Fool,TSLA,1.0
2019-09-27,Zacks Investment Research,TSLA,0.0
2019-10-01,The Motley Fool,TSLA,0.0
2019-10-02,The Motley Fool,TSLA,-0.5
2019-10-03,The Motley Fool,TSLA,0.0
2019-10-03,Zacks Investment Research,TSLA,0.3333333333333333
2019-10-04,The Motley Fool,TSLA,-1.0
2019-10-04,Zacks Investment Research,TSLA,0.0
2019-10-06,The Motley Fool,TSLA,-0.5
2019-10-08,The Motley Fool,TSLA,1.0
2019-10-09,The Motley Fool,TSLA,0.5
2019-10-10,The Motley Fool,TSLA,0.0
2019-10-11,Zacks Investment Research,TSLA,1.0
2019-10-12,The Motley Fool,TSLA,1.0
2019-10-13,The Motley Fool,TSLA,0.0
2019-10-14,The Motley Fool,TSLA,1.0
2019-10-16,Zacks Investment Research,TSLA,-0.5
2019-10-18,Zacks Investment Research,TSLA,-0.5
2019-10-21,Zacks Investment Research,TSLA,1.0
2019-10-22,The Motley Fool,TSLA,1.0
2019-10-22,Zacks Investment Research,TSLA,0.75
2019-10-23,The Motley Fool,TSLA,1.0
2019-10-23,Zacks Investment Research,TSLA,0.5
2019-10-24,The Motley Fool,TSLA,1.0
2019-10-24,Zacks Investment Research,TSLA,0.3333333333333333
2019-10-25,The Motley Fool,TSLA,1.0
2019-10-27,The Motley Fool,TSLA,1.0
2019-10-28,Zacks Investment Research,TSLA,0.6666666666666666
2019-10-30,The Motley Fool,TSLA,0.5
2019-10-30,Zacks Investment Research,TSLA,0.5
2019-10-31,The Motley Fool,TSLA,1.0
2019-10-31,Zacks Investment Research,TSLA,0.0
2019-11-01,The Motley Fool,TSLA,-0.5
2019-11-05,The Motley Fool,TSLA,1.0
2019-11-08,Zacks Investment Research,TSLA,0.0
2019-11-11,The Motley Fool,TSLA,1.0
2019-11-11,Zacks Investment Research,TSLA,0.0
2019-11-12,The Motley Fool,TSLA,1.0
2019-11-13,The Motley Fool,TSLA,-1.0
2019-11-14,Zacks Investment Research,TSLA,0.0
2019-11-15,The Motley Fool,TSLA,1.0
2019-11-16,The Motley Fool,TSLA,0.0
2019-11-20,The Motley Fool,TSLA,1.0
2019-11-22,The Motley Fool,TSLA,-1.0
2019-11-22,Zacks Investment Research,TSLA,0.5
2019-11-23,The Motley Fool,TSLA,0.0
2019-11-25,The Motley Fool,TSLA,1.0
2019-11-25,Zacks Investment Research,TSLA,0.0
2019-11-26,The Motley Fool,TSLA,1.0
2019-11-26,Zacks Investment Research,TSLA,0.3333333333333333
2019-11-27,The Motley Fool,TSLA,0.0
2019-11-27,Zacks Investment Research,TSLA,0.0
2019-11-28,The Motley Fool,TSLA,0.0
2019-11-29,The Motley Fool,TSLA,1.0
2019-11-30,The Motley Fool,TSLA,0.0
2019-12-02,The Motley Fool,TSLA,-0.5
2019-12-22,The Motley Fool,TSLA,1.0
2019-12-24,Zacks Investment Research,TSLA,0.5
2019-12-26,Zacks Investment Research,TSLA,0.6666666666666666
2019-12-27,The Motley Fool,TSLA,0.0
2019-12-27,Zacks Investment Research,TSLA,1.0
2019-12-28,The Motley Fool,TSLA,1.0
2019-12-29,The Motley Fool,TSLA,0.0
2019-12-30,Zacks Investment Research,TSLA,0.5
2019-12-31,The Motley Fool,TSLA,-1.0
